{"loss": [25.331235885620117, 20.111740112304688, 16.014034271240234, 11.532257080078125, 9.942437171936035, 7.991952896118164, 6.8183112144470215, 5.99295711517334, 6.181346893310547, 4.556619644165039, 4.8891801834106445, 4.398132801055908, 5.397492408752441, 4.294910907745361, 3.2558891773223877, 4.5223259925842285, 3.8011703491210938, 4.1941938400268555, 4.095069408416748, 3.6634347438812256, 3.7926228046417236, 3.4730443954467773, 3.887528657913208, 3.240354299545288, 3.5275778770446777, 3.5697858333587646, 3.0841729640960693, 3.301306962966919, 3.887958288192749, 3.4635496139526367, 3.298781633377075, 2.877242088317871, 3.778168201446533, 3.3876876831054688, 3.1526525020599365, 3.2196853160858154, 2.7438840866088867, 2.906172752380371, 2.5075342655181885, 2.463005542755127, 3.224989652633667, 2.827380418777466, 2.554915428161621, 2.0680248737335205, 2.9735405445098877, 2.7868237495422363, 3.036442518234253, 2.7498178482055664, 2.3689382076263428, 2.912153959274292, 2.8606345653533936, 2.1883766651153564, 2.242490530014038, 2.749788284301758, 2.909599542617798, 2.5089473724365234, 2.3281068801879883, 2.227842092514038, 2.5745813846588135, 2.1639211177825928, 2.022495746612549, 2.214376926422119, 2.351994752883911, 2.799266815185547, 2.538262367248535, 2.089580535888672, 2.5877885818481445, 2.762310266494751, 2.2307498455047607, 2.117119789123535, 2.3780980110168457, 1.9268255233764648, 2.22932505607605, 2.231720209121704, 1.8674274682998657, 2.2236647605895996, 2.1492416858673096, 2.2661478519439697, 1.8969203233718872, 1.593804955482483, 2.596017360687256, 1.9433071613311768, 2.111940622329712, 2.461639404296875, 1.9102534055709839, 1.9200525283813477, 1.7865383625030518, 1.7410176992416382, 2.0090057849884033, 2.005629062652588, 2.121943712234497, 2.0008387565612793, 2.036367177963257, 2.097670316696167, 2.0062174797058105, 1.8807461261749268, 1.7235344648361206, 1.8528330326080322, 1.5808422565460205, 1.8730692863464355, 1.7816423177719116, 1.5850028991699219, 1.4683539867401123, 1.9468302726745605, 2.132964611053467, 2.2485320568084717, 2.0869667530059814, 2.5230062007904053, 1.9836993217468262, 1.8188570737838745], "mae": [4.623502254486084, 4.187119960784912, 3.6816961765289307, 3.0289316177368164, 2.765734910964966, 2.4787983894348145, 2.184670925140381, 1.973515272140503, 2.0765557289123535, 1.6989877223968506, 1.8256843090057373, 1.6592841148376465, 1.898153305053711, 1.6225444078445435, 1.4643032550811768, 1.6925177574157715, 1.5691074132919312, 1.6513607501983643, 1.5847958326339722, 1.5205117464065552, 1.5280685424804688, 1.4654277563095093, 1.5253210067749023, 1.4325350522994995, 1.4822152853012085, 1.4623188972473145, 1.3799365758895874, 1.4250054359436035, 1.5152517557144165, 1.4118818044662476, 1.4313265085220337, 1.2771302461624146, 1.5346678495407104, 1.3904973268508911, 1.3973755836486816, 1.425233006477356, 1.3187847137451172, 1.3155195713043213, 1.2769981622695923, 1.2381565570831299, 1.3907028436660767, 1.295892596244812, 1.2751364707946777, 1.1489760875701904, 1.33684504032135, 1.2618746757507324, 1.363319754600525, 1.3229495286941528, 1.2207494974136353, 1.2956852912902832, 1.2862051725387573, 1.1466432809829712, 1.1709786653518677, 1.305618405342102, 1.2902344465255737, 1.23281729221344, 1.1892549991607666, 1.1557111740112305, 1.2894731760025024, 1.1432251930236816, 1.1353366374969482, 1.1149542331695557, 1.2257375717163086, 1.3134350776672363, 1.2599339485168457, 1.1159802675247192, 1.2458552122116089, 1.247355341911316, 1.1621854305267334, 1.1353877782821655, 1.1727442741394043, 1.0765174627304077, 1.1600943803787231, 1.1587865352630615, 1.07191801071167, 1.1270360946655273, 1.1176562309265137, 1.1233426332473755, 1.0858595371246338, 0.9878748059272766, 1.2297874689102173, 1.0733455419540405, 1.135369062423706, 1.2328791618347168, 1.0396877527236938, 1.0801857709884644, 1.0234524011611938, 1.0272397994995117, 1.0796890258789062, 1.113055944442749, 1.1154987812042236, 1.123319149017334, 1.0767488479614258, 1.11995267868042, 1.0894966125488281, 1.0597963333129883, 1.0306659936904907, 1.091393232345581, 0.9864462018013, 1.0799119472503662, 1.0394682884216309, 1.004597783088684, 0.9591299891471863, 1.077314019203186, 1.136266827583313, 1.1526297330856323, 1.1296262741088867, 1.208492398262024, 1.0633207559585571, 1.03376305103302], "val_loss": [22.606586456298828, 20.92987632751465, 19.171558380126953, 17.52265739440918, 15.782829284667969, 13.7525634765625, 12.050191879272461, 10.518489837646484, 8.904134750366211, 7.569766044616699, 6.72805118560791, 6.004150390625, 5.284306526184082, 4.619065284729004, 4.258982181549072, 3.905914545059204, 3.2901577949523926, 2.944675922393799, 2.623309373855591, 2.4143149852752686, 2.273754835128784, 2.1058881282806396, 1.7604413032531738, 1.668573021888733, 1.4173028469085693, 1.2656906843185425, 1.135187029838562, 0.9758421778678894, 0.7841727137565613, 0.7227931022644043, 0.6329479217529297, 0.5900972485542297, 0.6564019918441772, 0.6392292976379395, 0.586357057094574, 0.47834521532058716, 0.441783607006073, 0.45372822880744934, 0.4500703811645508, 0.383205384016037, 0.3502362370491028, 0.30946725606918335, 0.3065701723098755, 0.31196942925453186, 0.3208661675453186, 0.30194494128227234, 0.31867897510528564, 0.27231958508491516, 0.24852736294269562, 0.259772390127182, 0.21985198557376862, 0.2282843440771103, 0.23786120116710663, 0.2095412015914917, 0.2006257027387619, 0.18756209313869476, 0.17260825634002686, 0.1663738191127777, 0.1600562185049057, 0.14529915153980255, 0.16026818752288818, 0.17696751654148102, 0.22238899767398834, 0.2564367949962616, 0.21100860834121704, 0.18220719695091248, 0.17558375000953674, 0.1877361387014389, 0.19853545725345612, 0.20313005149364471, 0.20536331832408905, 0.1989200860261917, 0.19507811963558197, 0.18465681374073029, 0.19547012448310852, 0.21521691977977753, 0.22779779136180878, 0.24219872057437897, 0.24739901721477509, 0.2601203918457031, 0.25225454568862915, 0.26528096199035645, 0.26635998487472534, 0.22856728732585907, 0.21040858328342438, 0.21664856374263763, 0.24092383682727814, 0.27246347069740295, 0.2814921736717224, 0.27478569746017456, 0.2366069108247757, 0.2203669399023056, 0.23083946108818054, 0.2323537915945053, 0.23243041336536407, 0.23948943614959717, 0.23354308307170868, 0.2446490377187729, 0.2530910074710846, 0.25127387046813965, 0.2566085159778595, 0.251844584941864, 0.2532101571559906, 0.27339285612106323, 0.2628980278968811, 0.2401898354291916, 0.23406845331192017, 0.24441638588905334, 0.24761760234832764, 0.2443544566631317],