{
  "r2": 0.8727112395629072,
  "rmse": 0.5701913369206068,
  "mae": 0.4343002916418989,
  "mse": 0.3251181606993088,
  "epochs_trained": 110
}